<?xml version="1.0" encoding="UTF-8"?>
<project-private xmlns="http://www.netbeans.org/ns/project-private/1">
    <editor-bookmarks xmlns="http://www.netbeans.org/ns/editor-bookmarks/2" lastBookmarkId="0"/>
    <open-files xmlns="http://www.netbeans.org/ns/projectui-open-files/2">
        <group>
            <file>file:/C:/Users/SWO%20SIRAJ/Desktop/SuperShopC/src/supershop/member.java</file>
            <file>file:/C:/Users/SWO%20SIRAJ/Desktop/SuperShopC/src/supershop/Product.java</file>
            <file>file:/C:/Users/SWO%20SIRAJ/Desktop/SuperShopC/src/supershop/SuperShopC.java</file>
            <file>file:/C:/Users/SWO%20SIRAJ/Desktop/SuperShopC/src/supershop/Member1.java</file>
            <file>file:/C:/Users/SWO%20SIRAJ/Desktop/SuperShopC/src/supershop/Cashing.java</file>
            <file>file:/C:/Users/SWO%20SIRAJ/Desktop/SuperShopC/src/supershop/Discount.java</file>
            <file>file:/C:/Users/SWO%20SIRAJ/Desktop/SuperShopC/src/supershop/newmember.java</file>
            <file>file:/C:/Users/SWO%20SIRAJ/Desktop/SuperShopC/src/supershop/Insert_2.java</file>
        </group>
    </open-files>
</project-private>
